540.08178653849075,4.1999998092651367
540.21187765860475,-0.40000000596046448
540.34196880979664,0.60000002384185791
540.47205999144012,1
540.602151202909,-0.800000011920929
540.73224244357755,6.4000000953674316
540.86233371281912,5
540.99242501000776,11.600000381469727
541.12251633451751,4
541.252607685722,2.4000000953674316
541.3826990629949,4.5999999046325684
541.51279046571028,5.5999999046325684
541.64288189324157,-0.20000000298023224
541.77297334496268,2
541.90306482024744,6.8000001907348633
542.03315631846931,9.6000003814697266
542.16324783900234,4.4000000953674316
542.29333938122,14.800000190734863
542.42343094449609,12.800000190734863
542.553522528204,13.199999809265137
542.68361413171783,5
542.81370575441076,19
542.9437973956567,13.199999809265137
543.07388905482912,12.199999809265137
543.20398073130184,16.200000762939453
543.3340724244481,18
543.46416413364159,16.200000762939453
543.59425585825579,15.800000190734863
543.7243475976644,13.800000190734863
543.854439351241,17
543.98453111835875,17.399999618530273
544.1146228983913,14.800000190734863
544.24471469071227,16
544.374806494695,12.800000190734863
544.50489830971287,17.799999237060547
544.63499013513945,18.600000381469727
544.765081970348,16.600000381469727
544.89517381471182,20.399999618530273
545.0252656676048,16
545.1553575283998,21.399999618530273
545.28544939647043,16.399999618530273
545.41554127118991,10.800000190734863
545.54563315193161,19.399999618530273
545.67572503806889,14.800000190734863
545.805816928975,16
545.93590882402316,24
546.06600072258675,22.799999237060547
546.196092624039,26.399999618530273
546.32618452775318,27.399999618530273
546.4562764331024,25
546.58636833946014,17
546.71646024619929,17
546.84655215269311,12.199999809265137
546.976644058315,7
547.10673596243771,9.8000001907348633
547.23682786443464,8.1999998092651367
547.36691976367888,12.199999809265137
547.49701165954366,7.4000000953674316
547.62710355140189,15.800000190734863
547.75719543862681,8.6000003814697266
547.88728732059133,9
548.01737919666857,7.1999998092651367
548.14747106623167,4.5999999046325684
548.27756292865365,10
548.40765478330729,3.4000000953674316
548.537746629566,11.199999809265137
548.66783846680232,10.600000381469727
548.7979302943894,7.5999999046325684
548.92802211170033,15.199999809265137
549.05811391810812,11.399999618530273
549.18820571298522,9.8000001907348633
549.31829749570511,8.1999998092651367
549.44838926564023,8.1999998092651367
549.57848102216394,4.8000001907348633
549.70857276464869,14
549.8386644924675,12.399999618530273
549.96875620499327,13
550.09884790159879,12.199999809265137
550.228939581657,13
550.35903124454035,9.6000003814697266
550.48912288962208,14.800000190734863
550.61921451627461,11
550.749306123871,10
550.87939771178378,13.600000381469727
551.00948927938578,12
551.13958082604961,15
551.26967235114819,7.1999998092651367
551.39976385405407,18.399999618530273
551.52985533413994,5.5999999046325684
551.65994679077846,4.8000001907348633
551.79003822334232,10
551.9201296312043,10
552.05022101373686,11.600000381469727
552.18031237031255,7.8000001907348633
552.31040370030394,7.8000001907348633
552.44049500308392,12
552.57058627802462,11.199999809265137
552.700677524499,8.3999996185302734
552.83076874187975,5.4000000953674316
552.96085992953874,14
553.090951086849,13.800000190734863
553.22104221318284,7
553.35113330791285,9
553.4812243704115,8.6000003814697266
553.61131540005113,8.6000003814697266
553.74140639620441,16
553.87149735824346,10.800000190734863
554.00158828554106,16.399999618530273
554.13167917746944,12.199999809265137
554.26177003340092,13.800000190734863
554.39186085270808,14
554.521951634763,11.199999809265137
554.6520423789384,14
554.78213308460636,10.399999618530273
554.91222375113921,12.399999618530273
555.04231437790963,6.8000001907348633
555.1724049642894,10.399999618530273
555.30249550965118,7.1999998092651367
555.43258601336709,6.5999999046325684
555.56267647480945,10.199999809265137
555.69276689335049,10
555.82285726836233,12.800000190734863
555.9529475992174,18.799999237060547
556.08303788528792,11.399999618530273
556.2131281259459,12.600000381469727
556.34321832056366,12
556.47330846851321,14.399999618530273
556.60339856916687,18.200000762939453
556.73348862189675,16.799999237060547
556.86357862607508,14.600000381469727
556.99366858107373,13.600000381469727
557.123758486265,16.600000381469727
557.253848341021,18.200000762939453
557.38393814471374,11.399999618530273
557.51402789671522,16.200000762939453
557.64411759639756,13.199999809265137
557.77420724313276,10.800000190734863
557.90429683629293,15
558.03438637525,16.600000381469727
558.16447585937613,14.600000381469727
558.29456528804326,16.200000762939453
558.42465466062322,14.600000381469727
558.554743976488,15
558.68483323500971,15.199999809265137
558.81492243556011,21
558.94501157751108,20.399999618530273
559.07510066023474,18.200000762939453
559.205189683103,15.199999809265137
559.33527864548762,23.600000381469727
559.46536754676038,17.399999618530273
559.59545638629345,15.600000381469727
559.72554516345826,24.799999237060547
559.855633877627,13.600000381469727
559.98572252817132,20
560.1158111144631,26
560.24589963587414,16.200000762939453
560.37598809177621,21.399999618530273
560.506076481541,18.799999237060547
560.63616480454027,17.799999237060547
560.76625306014591,19.399999618530273
560.89634124772965,21.399999618530273
561.026429366663,23
561.1565174163178,19.600000381469727
561.28660539606574,14.199999809265137
561.4166933052785,22.399999618530273
561.54678114332785,23
561.67686890958532,18.399999618530273
561.80695660342258,23.200000762939453
561.93704422421126,13.800000190734863
562.06713177132292,18.799999237060547
562.19721924412931,15.800000190734863
562.327306642002,25.200000762939453
562.45739396431236,18.200000762939453
562.5874812104322,19.600000381469727
562.717568379733,28
562.84765547158645,21.399999618530273
562.97774248536382,24.399999618530273
563.1078294204367,24.399999618530273
563.23791627617675,21.399999618530273
563.36800305195527,30.200000762939453
563.49808974714392,26
563.628176361114,22.799999237060547
563.75826289323709,23.799999237060547
563.88834934288457,22
564.01843570942788,26.200000762939453
564.14852199223844,27.600000381469727
564.27860819068781,26.799999237060547
564.40869430414716,25.600000381469727
564.538780331988,13.600000381469727
564.66886627358167,27.399999618530273
564.79895212829967,29.799999237060547
564.929037895513,24
565.05912357459329,30
565.18920916491186,17
565.31929466583983,36.200000762939453
565.44938007674875,27.799999237060547
565.5794653970097,21.399999618530273
565.709550625994,21.799999237060547
565.83963576307292,24.799999237060547
565.9697208076177,25.600000381469727
566.09980575899965,19.200000762939453
566.22989061659007,24.600000381469727
566.35997537975982,16.799999237060547
566.49006004788055,24.799999237060547
566.62014462032312,25.399999618530273
566.750229096459,29.200000762939453
566.88031347565891,31
567.01039775729441,31.200000762939453
567.14048194073655,34.400001525878906
567.27056602535652,26.600000381469727
567.40065001052517,37.599998474121094
567.53073389561382,31.600000381469727
567.66081767999356,33.400001525878906
567.79090136303535,32
567.9209849441105,30.399999618530273
568.05106842258976,14.399999618530273
568.18115179784456,17
568.31123506924553,23.799999237060547
568.441318236164,18
568.57140129797062,33
568.70148425403681,32.200000762939453
568.83156710373328,40.400001525878906
568.96164984643121,37.400001525878906
569.09173248150137,34.200000762939453
569.22181500831493,34.400001525878906
569.35189742624254,30.799999237060547
569.4819797346554,28.600000381469727
569.61206193292435,27
569.74214402042026,28.600000381469727
569.87222599651386,23.200000762939453
570.00230786057637,37
570.13238961197851,35.400001525878906
570.26247125009115,33.799999237060547
570.39255277428492,33.599998474121094
570.52263418393113,45
570.65271547840018,36.200000762939453
570.78279665706293,37.799999237060547
570.91287771929046,37.799999237060547
571.04295866445329,57
571.17303949192228,37.400001525878906
571.30312020106828,47
571.43320079126192,33.799999237060547
571.56328126187407,48.400001525878906
571.69336161227545,45.400001525878906
571.82344184183671,47.400001525878906
571.95352194992847,41.599998474121094
572.08360193592159,43.799999237060547
572.2136817991867,47.599998474121094
572.34376153909443,47
572.47384115501563,45.799999237060547
572.60392064632083,41.400001525878906
572.73400001238053,40.799999237060547
572.8640792525656,49.599998474121094
572.99415836624655,46
573.124237352794,42.799999237060547
573.2543162115785,46.799999237060547
573.38439494197064,57
573.51447354334107,61.200000762939453
573.64455201506041,56.599998474121094
573.774630356499,66.4000015258789
573.90470856702768,68.199996948242188
574.03478664601664,69
574.16486459283658,74
574.2949424068579,64.4000015258789
574.42502008745146,64
574.5550976339872,80.800003051757813
574.6851750458361,74.800003051757813
574.81525232236822,62.400001525878906
574.94532946295431,72
575.07540646696452,64.199996948242188
575.20548333376962,77
575.33556006273977,78
575.46563665324538,68.800003051757813
575.59571310465708,84.199996948242188
575.725789416345,90.800003051757813
575.85586558767977,86.800003051757813
575.98594161803146,74.199996948242188
576.1160175067705,72.4000015258789
576.24609325326742,65.5999984741211
576.37616885689249,70.800003051757813
576.5062443170159,72
576.636319633008,81.199996948242188
576.76639480423921,78.4000015258789
576.8964698300797,82
577.02654470989967,73.5999984741211
577.15661944306964,85.4000015258789
577.28669402895957,67.199996948242188
577.41676846694,78.4000015258789
577.546842756381,76.800003051757813
577.67691689665276,74.199996948242188
577.80699088712549,81
577.93706472716951,79
578.06713841615488,61.799999237060547
578.1972119534521,87.4000015258789
578.32728533843078,78
578.45735857046145,60.799999237060547
578.58743164891439,73.4000015258789
578.71750457315932,68.800003051757813
578.84757734256675,80.4000015258789
578.97764995650653,71.5999984741211
579.107722414349,70.199996948242188
579.237794715464,82.800003051757813
579.36786685922186,80.4000015258789
579.4979388449924,75.4000015258789
579.62801067214593,65
579.7580823400524,63.400001525878906
579.88815384808163,77.5999984741211
580.01822519560415,77.199996948242188
580.14829638198955,68.5999984741211
580.27836740660814,76.199996948242188
580.40843826882963,73.800003051757813
580.53850896802419,70.4000015258789
580.66857950356189,66.800003051757813
580.79864987481233,71.5999984741211
580.9287200811458,77.800003051757813
581.05879012193225,69
581.18885999654162,80.5999984741211
581.31892970434342,80.5999984741211
581.448999244708,77
581.57906861700542,71
581.70913782060506,80.5999984741211
581.83920685487726,66.5999984741211
581.9692757191915,76.4000015258789
582.09934441291807,76.4000015258789
582.22941293542647,75.4000015258789
582.35948128608675,82.199996948242188
582.48954946426863,70.4000015258789
582.61961746934207,68.4000015258789
582.74968530067656,79.5999984741211
582.87975295764238,82.199996948242188
583.009820439609,84.800003051757813
583.13988774594634,88
583.26995487602414,72.4000015258789
583.400021829212,76.800003051757813
583.53008860488012,94.4000015258789
583.66015520239773,88.800003051757813
583.79022162113483,91.199996948242188
583.92028786046114,86.199996948242188
584.05035391974639,94.4000015258789
584.18041979836016,88.5999984741211
584.3104854956722,88.4000015258789
584.44055101105209,95.5999984741211
584.5706163438698,93.5999984741211
584.70068149349481,89.199996948242188
584.83074645929673,90.5999984741211
584.9608112406454,93.4000015258789
585.09087583691007,98.5999984741211
585.22094024746082,91.5999984741211
585.351004471667,93
585.48106850889826,94
585.61113235852417,96.4000015258789
585.74119601991436,103.40000152587891
585.87125949243841,109.59999847412109
586.00132277546584,80.5999984741211
586.13138586836624,91.800003051757813
586.26144877050922,101.40000152587891
586.391511481264,93.800003051757813
586.52157400000067,96.800003051757813
586.65163632608835,92.199996948242188
586.78169845889647,91
586.91176039779486,103.80000305175781
587.04182214215268,98.800003051757813
587.17188369133976,104.80000305175781
587.30194504472536,100
587.43200620167875,110
587.56206716156964,105.59999847412109
587.69212792376754,106.40000152587891
587.8221884876416,101.40000152587891
587.95224885256141,113.80000305175781
588.08230901789648,108.59999847412109
588.21236898301606,96.800003051757813
588.34242874728955,93.800003051757813
588.47248831008631,105.80000305175781
588.60254767077572,107
588.7326068287274,107.80000305175781
588.86266578331015,95.199996948242188
588.99272453389392,99.5999984741211
589.12278307984775,107.80000305175781
589.25284142054079,100.59999847412109
589.38289955534276,116.40000152587891
589.5129574836227,100.40000152587891
589.64301520474987,106
589.77307271809377,107.40000152587891
589.90313002302355,112
590.03318711890847,110.40000152587891
590.1632440051178,107.59999847412109
590.29330068102081,113.59999847412109
590.42335714598676,92
590.55341339938491,104
590.6834694405843,110.80000305175781
590.81352526895432,126.40000152587891
590.94358088386412,117
591.07363628468306,105.40000152587891
591.20369147078,99.800003051757813
591.33374644152423,125.40000152587891
591.46380119628509,121.19999694824219
591.5938557344316,111
591.72391005533291,117
591.85396415835817,114.40000152587891
591.98401804287641,116.59999847412109
592.114071708257,104.40000152587891
592.24412515386894,110.19999694824219
592.37417837908129,113
592.504231383263,105
592.63428416578347,113.80000305175781
592.76433672601161,110
592.89438906331645,114.59999847412109
593.024441177067,112.59999847412109
593.15449306663265,120.40000152587891
593.284544731382,108.80000305175781
593.41459617068438,122.19999694824219
593.54464738390868,130.60000610351563
593.67469837042393,117.80000305175781
593.80474912959926,122.59999847412109
593.93479966080338,116.19999694824219
594.06484996340555,125.19999694824219
594.19490003677447,142.19999694824219
594.32494988027952,126.80000305175781
594.45499949328928,142.80000305175781
594.5850488751729,132.19999694824219
594.71509802529931,129.80000305175781
594.84514694303721,130.80000305175781
594.975195627756,126.19999694824219
595.10524407882417,122.19999694824219
595.23529229561075,117.19999694824219
595.36534027748473,136.60000610351563
595.49538802381483,146.39999389648438
595.62543553397006,122.80000305175781
595.75548280731937,115.80000305175781
595.88552984323155,132.80000305175781
596.0155766410752,139
596.14562320021946,130.39999389648438
596.27566952003326,135.19999694824219
596.40571559988507,131.39999389648438
596.535761439144,131.80000305175781
596.66580703717875,137.39999389648438
596.79585239335825,124.59999847412109
596.925897507051,133.39999389648438
597.05594237762614,130.80000305175781
597.18598700445216,151.19999694824219
597.316031386898,129
597.4460755243324,133.60000610351563
597.57611941612413,138.60000610351563
597.70616306164175,125.19999694824219
597.83620646025417,125.19999694824219
597.96624961133011,125.59999847412109
598.09629251423837,131.60000610351563
598.2263351683473,133
598.35637757302607,125.80000305175781
598.486419727643,123.80000305175781
598.61646163156706,139.19999694824219
598.74650328416681,116.59999847412109
598.87654468481082,132
599.00658583286793,120.19999694824219
599.13662672770658,134.39999389648438
599.26666736869561,121.59999847412109
599.39670775520358,109.19999694824219
599.526747886599,101.40000152587891
599.6567877622507,100.80000305175781
599.78682738152725,101.19999694824219
599.916866743797,87
600.04690584842888,76.199996948242188
600.17694469479136,53.799999237060547
600.306983282253,40.200000762939453
600.43702161018223,21.200000762939453
600.5670596779479,42.200000762939453
600.69709748491834,40.599998474121094
600.827135030462,59.799999237060547
600.95717231394792,72.800003051757813
601.0872093347441,88
601.21724609221928,112.59999847412109
601.34728258574194,117.59999847412109
601.47731881468064,129.19999694824219
601.60735477840365,129.39999389648438
601.73739047627976,128
601.86742590767733,108
601.99746107196472,127
602.12749596851063,132.60000610351563
602.25753059668341,122.59999847412109
602.3875649558513,126.59999847412109
602.51759904538312,122.19999694824219
602.64763286464711,136.39999389648438
602.77766641301162,143
602.90769968984523,134
603.03773269451619,155.80000305175781
603.167765426393,124.59999847412109
603.297797884844,141.39999389648438
603.42783006923764,138.39999389648438
603.55786197894213,153.60000610351563
603.6878936133262,149.60000610351563
603.817924971758,140.80000305175781
603.94795605360559,158.60000610351563
604.07798685823786,164.39999389648438
604.20801738502291,152
604.33804763332887,158.80000305175781
604.46807760252443,152.19999694824219
604.5981072919775,152.19999694824219
604.72813670105677,157.19999694824219
604.85816582913037,168.19999694824219
604.98819467556666,164
605.11822323973377,163
605.24825152100016,175.39999389648438
605.378279518734,160.19999694824219
605.50830723230354,154
605.63833466107712,169.80000305175781
605.768361804423,177
605.89838866170919,198.39999389648438
606.02841523230427,176.80000305175781
606.1584415155761,179
606.28846751089327,174.19999694824219
606.41849321762379,186
606.54851863513591,157.80000305175781
606.67854376279763,171.39999389648438
606.80856859997743,178
606.93859314604333,185.80000305175781
607.06861740036356,170.80000305175781
607.19864136230638,158.39999389648438
607.32866503123967,172.60000610351563
607.45868840653179,176.19999694824219
607.588711487551,192.80000305175781
607.71873427366506,178.80000305175781
607.84875676424235,178
607.97877895865111,173.19999694824219
608.10880085625922,185.80000305175781
608.23882245643483,202.80000305175781
608.36884375854618,191.80000305175781
608.49886476196116,181.80000305175781
608.628885466048,179.19999694824219
608.75890587017477,193.39999389648438
608.88892597370955,198.19999694824219
609.01894577602036,194.39999389648438
609.14896527647522,190.19999694824219
609.27898447444227,188.19999694824219
609.40900336928951,195.19999694824219
609.539021960385,187.19999694824219
609.66904024709675,205.60000610351563
609.79905822879266,170.60000610351563
609.929075904841,206.60000610351563
610.05909327460961,216.39999389648438
610.18911033746645,206.80000305175781
610.31912709277969,196.39999389648438
610.44914353991715,204.60000610351563
610.57915967824681,223.39999389648438
610.70917550713682,225.39999389648438
610.83919102595507,206.39999389648438
610.96920623406936,229
611.09922113084792,241
611.22923571565832,248.39999389648438
611.35924998786891,247.80000305175781
611.48926394684725,230.19999694824219
611.61927759196158,226.60000610351563
611.74929092257958,236.60000610351563
611.87930393806937,242.80000305175781
612.00931663779863,239
612.1393290211355,244.19999694824219
612.26934108744763,238.80000305175781
612.399352836103,224
612.52936426646966,225.60000610351563
612.65937537791524,234
612.7893861698077,224
612.91939664151482,245.19999694824219
613.04940679240451,214
613.17941662184478,225.80000305175781
613.30942612920308,238.39999389648438
613.43943531384764,241.80000305175781
613.56944417514592,234.19999694824219
613.69945271246615,245.19999694824219
613.82946092517579,255.39999389648438
613.95946881264274,256
614.08947637423489,247.80000305175781
614.21948360931992,250.39999389648438
614.34949051726574,257.79998779296875
614.47949709743989,263
614.60950334921029,246
614.73950927194494,273.79998779296875
614.86951486501118,269.20001220703125
614.999520127777,260.20001220703125
615.12952505961016,265
615.25952965987824,271
615.38953392794906,267
615.51953786319041,278.20001220703125
615.64954146497,260.60000610351563
615.77954473265527,273
615.90954766561435,276.20001220703125
616.03955026321478,268
616.169552524824,259.39999389648438
616.29955444981,263
616.42955603754046,257.39999389648438
616.55955728738286,260.60000610351563
616.68955819870507,263.60000610351563
616.81955877087455,266.79998779296875
616.9495590032592,282.20001220703125
617.07955889522634,300.39999389648438
617.20955844614389,271.60000610351563
617.33955765537951,283.60000610351563
617.46955652230065,274
617.599555046275,276.60000610351563
617.72955322667019,278.39999389648438
617.85955106285382,281.79998779296875
617.98954855419345,265.60000610351563
618.11954570005673,292.20001220703125
618.24954249981147,289.79998779296875
618.37953895282487,286.79998779296875
618.50953505846485,274.60000610351563
618.63953081609873,280.60000610351563
618.76952622509407,283.39999389648438
618.89952128481866,323
619.02951599464,303.79998779296875
619.15951035392538,305.20001220703125
619.28950436204275,289.79998779296875
619.41949801835926,316.20001220703125
619.54949132224294,307.39999389648438
619.67948427306078,319.39999389648438
619.80947687018056,291.60000610351563
619.93946911296985,302.79998779296875
620.069461000796,314.79998779296875
620.1994525330266,313.39999389648438
620.32944370902908,312.39999389648438
620.45943452817107,303.20001220703125
620.58942498982015,349.39999389648438
620.7194150933434,317.60000610351563
620.84940483810863,318
620.97939422348315,320.39999389648438
621.10938324883466,324.39999389648438
621.23937191353014,349.79998779296875
621.36936021693771,347.39999389648438
621.49934815842425,317.39999389648438
621.62933573735745,309
621.75932295310463,342.79998779296875
621.88930980503346,340.79998779296875
622.019296292511,339
622.149282414905,320.39999389648438
622.27926817158266,324.60000610351563
622.40925356191144,322
622.53923858525889,344.60000610351563
622.66922324099221,368.39999389648438
622.79920752847886,347.39999389648438
622.92919144708617,362.39999389648438
623.05917499618158,358.39999389648438
623.18915817513255,357
623.31914098330628,353.60000610351563
623.44912342007035,376.39999389648438
623.57910548479174,367.39999389648438
623.70908717683824,362.39999389648438
623.839068495577,376.60000610351563
623.96904944037533,392
624.09903001060047,349.79998779296875
624.22901020562,373.20001220703125
624.35899002480107,354.60000610351563
624.48896946751108,387.20001220703125
624.6189485331173,386.39999389648438
624.74892722098707,374.20001220703125
624.8789055304876,385.79998779296875
625.00888346098634,390.60000610351563
625.13886101185039,382
625.26883818244733,405.60000610351563
625.39881497214412,380.79998779296875
625.52879138030812,392.60000610351563
625.658767406307,375.20001220703125
625.78874304950739,378.20001220703125
625.918718309277,380.60000610351563
626.04869318498288,398.20001220703125
626.1786676759923,374.60000610351563
626.30864178167246,379.60000610351563
626.43861550139093,393.20001220703125
626.56858883451446,400.39999389648438
626.69856178041073,374.20001220703125
626.82853433844673,391.60000610351563
626.95850650798957,381.79998779296875
627.08847828840669,384.20001220703125
627.2184496790652,401.60000610351563
627.34842067933232,411.60000610351563
627.47839128857527,413.20001220703125
627.60836150616115,396.39999389648438
627.73833133145729,439.39999389648438
627.8683007638308,374
627.99826980264879,418.79998779296875
628.12823844727859,420.79998779296875
628.2582066970873,418.60000610351563
628.38817455144215,423.79998779296875
628.51814200971012,419.79998779296875
628.64810907125843,424.60000610351563
628.77807573545431,456
628.908042001665,449.39999389648438
629.03800786925729,445.20001220703125
629.1679733375986,443
629.29793840605612,441.60000610351563
629.42790307399684,466
629.55786734078777,478.60000610351563
629.68783120579633,446
629.81779466838941,463.79998779296875
629.947757727934,476.79998779296875
630.07772038379744,486.79998779296875
630.20768263534694,495.79998779296875
630.33764448194916,489
630.46760592297164,471.60000610351563
630.597566957781,470
630.72752758574484,490.60000610351563
630.85748780622987,487.79998779296875
630.98744761860326,497.20001220703125
631.1174070222321,453.20001220703125
631.2473660164834,500.60000610351563
631.37732460072425,489.20001220703125
631.50728277432177,486.60000610351563
631.63724053664282,512.20001220703125
631.76719788705464,486.39999389648438
631.8971548249242,490.60000610351563
632.02711134961839,506.79998779296875
632.15706746050455,534.4000244140625
632.28702315694943,513.4000244140625
632.41697843832026,515
632.54693330398379,503.79998779296875
632.67688775330726,536.4000244140625
632.80684178565753,546
632.93679540040171,533
633.06674859690668,534
633.19670137453966,569.20001220703125
633.32665373266741,550.20001220703125
633.456605670657,553.5999755859375
633.58655718787543,558.20001220703125
633.71650828368956,593.4000244140625
633.84645895746667,554.5999755859375
633.97640920857339,581.79998779296875
634.10635903637683,578.4000244140625
634.23630844024387,595.4000244140625
634.36625741954163,592
634.49620597363685,604
634.62615410189665,589.4000244140625
634.7561018036879,618.4000244140625
634.88604907837748,613.4000244140625
635.01599592533239,624.20001220703125
635.14594234391961,656.20001220703125
635.27588833350615,629.5999755859375
635.40583389345852,667.5999755859375
635.53577902314407,662.5999755859375
635.66572372192957,661.4000244140625
635.79566798918177,686
635.92561182426789,688.79998779296875
636.0555552265547,691.20001220703125
636.18549819540885,691.20001220703125
636.31544073019768,689
636.44538283028771,714.5999755859375
636.57532449504606,707.4000244140625
636.70526572383937,716.5999755859375
636.83520651603476,696.5999755859375
636.965146870999,766.79998779296875
637.095086788099,760.4000244140625
637.22502626670155,759.5999755859375
637.35496530617354,753
637.48490390588188,788
637.61484206519333,777.4000244140625
637.74477978347488,777.4000244140625
637.87471706009319,804.4000244140625
638.00465389441536,841
638.13459028580792,805.5999755859375
638.264526233638,831.79998779296875
638.3944617372722,810.4000244140625
638.52439679607744,827.79998779296875
638.65433140942071,864.20001220703125
638.78426557666853,875.79998779296875
638.91419929718791,856
639.0441325703456,910.5999755859375
639.17406539550836,850
639.303997772043,869
639.43392969931642,857.4000244140625
639.56386117669558,854
639.69379220354688,872.5999755859375
639.82372277923719,871.5999755859375
639.95365290313373,862.5999755859375
640.0835825746027,891.20001220703125
640.21351179301132,883.20001220703125
640.34344055772613,880.4000244140625
640.473368868114,867.5999755859375
640.60329672354158,887.20001220703125
640.73322412337575,873.5999755859375
640.86315106698328,832.79998779296875
640.99307755373081,863
641.12300358298535,874.5999755859375
641.25292915411342,860
641.38285426648167,852.4000244140625
641.51277891945722,860.5999755859375
641.64270311240648,844.4000244140625
641.77262684469656,845.5999755859375
641.90255011569366,854
642.03247292476487,848.4000244140625
642.16239527127709,839.79998779296875
642.2923171545965,864
642.42223857409033,844
642.55215952912511,821.4000244140625
642.68208001906737,855.5999755859375
642.81200004328412,860.79998779296875
642.941919601142,867
643.07183869200753,903.5999755859375
643.20175731524762,909.79998779296875
643.331675470229,853
643.46159315631826,922.79998779296875
643.591510372882,870.79998779296875
643.721427119287,899.79998779296875
643.8513433949,886
643.98125919908762,930.79998779296875
644.11117453121676,901.20001220703125
644.24108939065377,884
644.37100377676541,898.4000244140625
644.50091768891843,899
644.63083112647951,943.5999755859375
644.76074408881539,899.4000244140625
644.89065657529238,943.20001220703125
645.0205685852776,907
645.15048011813747,962.20001220703125
645.28039117323863,932.79998779296875
645.41030174994773,951.4000244140625
645.54021184763155,974.20001220703125
645.67012146565662,953.79998779296875
645.80003060338959,970
645.929939260197,975.20001220703125
646.0598474354457,959.20001220703125
646.18975512850227,999.79998779296875
646.31966233873322,948.20001220703125
646.44956906550533,1016.5999755859375
646.57947530818512,1006
646.70938106613926,952.79998779296875
646.83928633873438,1018.7999877929688
646.969191125337,955.20001220703125
647.099095425314,1006.2000122070313
647.22899923803163,963.79998779296875
647.35890256285666,981.4000244140625
647.48880539915592,986.4000244140625
647.61870774629563,988.5999755859375
647.74860960364265,965
647.87851097056341,983.5999755859375
648.00841184642445,973
648.13831223059276,977.79998779296875
648.26821212243465,1001
648.39811152131654,1001.2000122070313
648.52801042660542,971.5999755859375
648.65790883766749,1022.4000244140625
648.78780675386963,1002.5999755859375
648.91770417457826,991
649.04760109915992,1045.4000244140625
649.17749752698137,1022
649.307393457409,1065.5999755859375
649.43728888980934,1056.199951171875
649.56718382354927,1064.199951171875
649.69707825799492,1072.199951171875
649.82697219251315,1107.800048828125
649.95686562647052,1128.199951171875
650.08675855923332,1062.4000244140625
650.21665099016843,1111.800048828125
650.34654291864217,1110.199951171875
650.4764343440213,1150.5999755859375
650.60632526567213,1171.199951171875
650.7362156829613,1175.5999755859375
650.86610559525548,1169.5999755859375
650.99599500192107,1153
651.12588390232463,1213.800048828125
651.25577229583257,1173.4000244140625
651.38566018181177,1182.199951171875
651.51554755962832,1208.199951171875
651.64543442864908,1229.4000244140625
651.77532078824049,1216.5999755859375
651.90520663776908,1180.800048828125
652.03509197660128,1234
652.16497680410373,1217.5999755859375
652.29486111964286,1242.5999755859375
652.42474492258521,1268.199951171875
652.5546282122973,1196.4000244140625
652.68451098814558,1250.199951171875
652.81439324949679,1239.5999755859375
652.94427499571714,1220.4000244140625
653.07415622617327,1227.4000244140625
653.20403694023173,1241.199951171875
653.33391713725894,1266
653.46379681662143,1295.5999755859375
653.59367597768585,1282.199951171875
653.7235546198184,1278.199951171875
653.85343274238562,1338.199951171875
653.98331034475427,1318.5999755859375
654.11318742629055,1328.800048828125
654.24306398636111,1338.800048828125
654.37294002433248,1360.199951171875
654.502815539571,1390
654.63269053144313,1352.4000244140625
654.76256499931549,1401.800048828125
654.89243894255446,1380.4000244140625
655.0223123605266,1433.800048828125
655.1521852525982,1416.800048828125
655.282057618136,1440.4000244140625
655.4119294565063,1457.5999755859375
655.54180076707564,1447
655.67167154921037,1449.5999755859375
655.80154180227714,1411
655.93141152564237,1440
656.06128071867238,1462.5999755859375
656.19114938073369,1487.800048828125
656.32101751119274,1497
656.45088510941616,1496.5999755859375
656.58075217477028,1516
656.71061870662163,1526.199951171875
656.8404847043364,1479.4000244140625
656.97035016728125,1546.800048828125
657.10021509482283,1562
657.2300794863271,1562.199951171875
657.35994334116094,1563
657.48980665869055,1614.5999755859375
657.61966943828259,1587.199951171875
657.74953167930323,1572.800048828125
657.87939338111914,1571.199951171875
658.00925454309652,1558.4000244140625
658.13911516460212,1554.5999755859375
658.26897524500214,1575.5999755859375
658.398834783663,1540.800048828125
658.52869377995137,1592.4000244140625
658.65855223323342,1554.800048828125
658.7884101428757,1531
658.91826750824464,1548
659.04812432870676,1563.4000244140625
659.17798060362827,1603.4000244140625
659.30783633237581,1592.199951171875
659.43769151431559,1600.199951171875
659.56754614881424,1604
659.69740023523809,1611
659.82725377295344,1612.4000244140625
659.95710676132694,1639
660.08695919972479,1633.800048828125
660.21681108751352,1619.5999755859375
660.34666242405956,1684
660.47651320872944,1595.5999755859375
660.60636344088937,1649.5999755859375
660.73621311990576,1644.4000244140625
660.866062245145,1692.800048828125
660.99591081597373,1710.800048828125
661.12575883175816,1680.5999755859375
661.25560629186486,1669.800048828125
661.38545319566,1714.800048828125
661.51529954251021,1681.800048828125
661.6451453317818,1708
661.77499056284114,1752.800048828125
661.90483523505463,1721
662.03467934778871,1725.800048828125
662.16452290040979,1782.5999755859375
662.29436589228419,1806.4000244140625
662.42420832277844,1808
662.554050191259,1808.800048828125
662.683891497092,1797.5999755859375
662.813732239644,1800.199951171875
662.94357241828129,1847.5999755859375
663.07341203237036,1851.5999755859375
663.20325108127759,1812.5999755859375
663.3330895643694,1800.5999755859375
663.46292748101223,1791.800048828125
663.59276483057226,1828.5999755859375
663.72260161241616,1845.4000244140625
663.8524378259101,1762.5999755859375
663.98227347042041,1755.199951171875
664.11210854531373,1745.4000244140625
664.24194304995638,1746.800048828125
664.37177698371465,1764.800048828125
664.50161034595487,1717.199951171875
664.63144313604357,1749.5999755859375
664.76127535334706,1757
664.89110699723176,1796.5999755859375
665.02093806706409,1752
665.15076856221037,1730.5999755859375
665.28059848203691,1744.5999755859375
665.41042782591035,1805.199951171875
665.54025659319677,1794.800048828125
665.67008478326261,1822.800048828125
665.79991239547451,1805.199951171875
665.92973942919843,1845.199951171875
666.05956588380116,1789.4000244140625
666.18939175864875,1842.199951171875
666.31921705310776,1836
666.4490417665445,1828
666.57886589832538,1833.5999755859375
666.70868944781682,1840.800048828125
666.838512414385,1829.199951171875
666.96833479739655,1845.5999755859375
667.09815659621768,1818.800048828125
667.227977810215,1852.199951171875
667.35779843875446,1854
667.48761848120284,1873.199951171875
667.61743793692619,1849.199951171875
667.747256805291,1861.4000244140625
667.87707508566393,1872.800048828125
668.00689277741094,1869.5999755859375
668.1367098798986,1917.800048828125
668.26652639249323,1883.5999755859375
668.39634231456125,1894.4000244140625
668.526157645469,1947.5999755859375
668.65597238458281,1844.5999755859375
668.78578653126908,1922.4000244140625
668.91560008489421,1948.4000244140625
669.0454130448245,1909.800048828125
669.17522541042661,1928.800048828125
669.3050371810665,1905
669.43484835611059,1898.199951171875
669.56465893492555,1882.199951171875
669.69446891687755,1877.4000244140625
669.82427830133292,1861.199951171875
669.95408708765808,1816
670.08389527521956,1864.5999755859375
670.21370286338356,1897.5999755859375
670.34350985151627,1908.4000244140625
670.47331623898447,1817.5999755859375
670.60312202515422,1868.4000244140625
670.732927209392,1861.5999755859375
670.86273179106422,1871
670.9925357695372,1873.800048828125
671.1223391441772,1843.199951171875
671.25214191435077,1868.800048828125
671.38194407942422,1839
671.511745638764,1834.5999755859375
671.6415465917363,1920.4000244140625
671.77134693770756,1917.800048828125
671.90114667604428,1938.800048828125
672.03094580611275,1940
672.16074432727919,1887.5999755859375
672.29054223891012,1944
672.420339540372,1907.5999755859375
672.55013623103093,1961.199951171875
672.67993231025343,1964.800048828125
672.80972777740612,1969
672.939522631855,2025.4000244140625
673.06931687296651,2036.800048828125
673.19911050010717,2038
673.32890351264336,2060.39990234375
673.4586959099413,1993.4000244140625
673.58848769136739,2040.4000244140625
673.71827885628807,2083
673.84806940406975,2120.39990234375
673.97785933407874,2102.199951171875
674.10764864568159,2123.60009765625
674.23743733824426,2117.199951171875
674.3672254111334,2197
674.49701286371555,2171.800048828125
674.62679969535679,2130.199951171875
674.75658590542366,2170.39990234375
674.88637149328235,2117.199951171875
675.01615645829952,2138.800048828125
675.14594079984158,2119.199951171875
675.2757245172744,2135.800048828125
675.405507609965,2154
675.53529007727934,2155.60009765625
675.66507191858386,2130
675.79485313324517,2110.199951171875
675.92463372062934,2159.199951171875
676.054413680103,2064.800048828125
676.18419301103256,2138.800048828125
676.31397171278422,2126.39990234375
676.44374978472433,2110.800048828125
676.57352722621954,2139
676.70330403663593,2112.800048828125
676.83308021534015,2189.39990234375
676.96285576169839,2165
677.0926306750772,2136.199951171875
677.222404954843,2156
677.352178600362,2151.60009765625
677.48195161100068,2183.199951171875
677.61172398612553,2138.39990234375
677.74149572510271,2193.39990234375
677.87126682729865,2180
678.00103729208013,2264.39990234375
678.1308071188131,2197
678.26057630686421,2218
678.39034485559966,2146.800048828125
678.52011276438611,2233.39990234375
678.64988003258964,2218
678.77964665957688,2217.199951171875
678.90941264471417,2204.199951171875
679.039177987368,2181.39990234375
679.16894268690464,2247.39990234375
679.29870674269068,2305.60009765625
679.42847015409222,2287
679.55823292047592,2288
679.68799504120807,2283.800048828125
679.81775651565522,2330.800048828125
679.94751734318356,2272.800048828125
680.07727752315975,2255.39990234375
680.20703705495009,2319.199951171875
680.3367959379209,2294.199951171875
680.46655417143859,2288
680.59631175486993,2382.199951171875
680.72606868758089,2370.39990234375
680.85582496893812,2331.800048828125
680.985580598308,2381.39990234375
681.11533557505709,2396.800048828125
681.24508989855156,2284.39990234375
681.37484356815787,2317
681.50459658324269,2327.39990234375
681.63434894317209,2333.199951171875
681.76410064731283,2261.199951171875
681.89385169503112,2301.60009765625
682.0236020856936,2267.39990234375
682.15335181866647,2224.199951171875
682.28310089331626,2231
682.41284930900952,2239.199951171875
682.54259706511243,2249.60009765625
682.67234416099166,2299.199951171875
682.8020905960135,2282.800048828125
682.9318363695445,2257.60009765625
683.06158148095119,2302.60009765625
683.19132592959977,2329.199951171875
683.32106971485678,2253.39990234375
683.45081283608874,2217.39990234375
683.5805552926621,2278.60009765625
683.71029708394315,2304.60009765625
683.84003820929843,2294.199951171875
683.96977866809459,2342
684.09951845969772,2319.39990234375
684.22925758347469,2340.39990234375
684.35899603879147,2366.39990234375
684.488733825015,2414.199951171875
684.6184709415113,2435.199951171875
684.7482073876472,2362
684.87794316278917,2442.800048828125
685.00767826630329,2425.60009765625
685.13741269755633,2428.800048828125
685.26714645591483,2405.800048828125
685.39687954074509,2485.39990234375
685.52661195141343,2487.60009765625
685.65634368728672,2452.800048828125
685.78607474773116,2500.199951171875
685.91580513211329,2519
686.04553483979964,2504.800048828125
686.17526387015675,2483.800048828125
686.30499222255094,2505.800048828125
686.43471989634884,2532.60009765625
686.56444689091677,2543.60009765625
686.69417320562138,2504
686.8238988398291,2508.199951171875
686.95362379290634,2516.60009765625
687.08334806421976,2484.60009765625
687.21307165313578,2461
687.342794559021,2542.60009765625
687.47251678124178,2443
687.6022383191646,2470
687.731959172156,2460
687.86167933958268,2442
687.9913988208109,2415.60009765625
688.12111761520725,2349.199951171875
688.25083572213839,2412
688.38055314097062,2409
688.51026987107048,2367.199951171875
688.63998591180473,2396.800048828125
688.76970126253957,2395.199951171875
688.89941592264165,2407.39990234375
689.02912989147774,2380.800048828125
689.15884316841391,2347
689.28855575281716,2412
689.41826764405357,2428.800048828125
689.54797884149013,2375.39990234375
689.677689344493,2357.60009765625
689.807399152429,2374.199951171875
689.93710826466452,2385.199951171875
690.066816680566,2408
690.19652439950028,2382.199951171875
690.32623142083378,2388.199951171875
690.455937743933,2373.39990234375
690.58564336816448,2396.199951171875
690.71534829289487,2427.199951171875
690.84505251749056,2447.60009765625
690.9747560413183,2409.800048828125
691.10445886374464,2381.39990234375
691.23416098413611,2423.39990234375
691.36386240185925,2396.800048828125
691.4935631162806,2399.39990234375
691.62326312676669,2443.800048828125
691.75296243268428,2410.800048828125
691.88266103339993,2387.800048828125
692.01235892828,2476.199951171875
692.14205611669138,2463.39990234375
692.27175259800038,2492
692.40144837157379,2486
692.531143436778,2492.800048828125
692.66083779297992,2557
692.79053143954593,2494.800048828125
692.92022437584262,2503
693.04991660123642,2449
693.17960811509442,2508.60009765625
693.30929891678272,2522.60009765625
693.43898900566842,2444.39990234375
693.56867838111771,2467.800048828125
693.69836704249758,2457.800048828125
693.82805498917423,2426.800048828125
693.95774222051443,2402.199951171875
694.08742873588517,2340.39990234375
694.21711453465252,2354.39990234375
694.34679961618338,2376.800048828125
694.4764839798446,2352.39990234375
694.6061676250024,2346
694.73585055102365,2367.60009765625
694.86553275727488,2317.39990234375
694.99521424312286,2359
695.12489500793424,2362
695.25457505107556,2315
695.38425437191358,2312.800048828125
695.51393296981485,2305.800048828125
695.643610844146,2363.199951171875
695.77328799427391,2335.39990234375
695.90296441956514,2323
696.0326401193862,2316.60009765625
696.162315093104,2381.60009765625
696.291989340085,2293.199951171875
696.421662859696,2339.199951171875
696.5513356513037,2391
696.68100771427476,2372.199951171875
696.8106790479759,2386.199951171875
696.94034965177377,2340.800048828125
697.07001952503492,2421.800048828125
697.19968866712622,2440.800048828125
697.32935707741444,2432.39990234375
697.45902475526611,2453.199951171875
697.58869170004789,2459.800048828125
697.71835791112687,2526
697.84802338786926,2496
697.977688129642,2499.60009765625
698.107352135812,2555.199951171875
698.23701540574564,2549.800048828125
698.36667793881,2544.39990234375
698.4963397343713,2518.39990234375
698.62600079179686,2531
698.755661110453,2559.39990234375
698.88532068970665,2567.199951171875
699.01497952892453,2511
699.14463762747334,2533.39990234375
699.27429498471986,2479
699.40395160003072,2576.60009765625
699.53360747277293,2512.60009765625
699.663262602313,2578
699.79291698801785,2482.800048828125
699.9225706292541,2495
700.05222352538874,2428.60009765625
700.18187567578843,2440
700.31152707981971,2510.199951171875
700.4411777368498,2453.800048828125
700.57082764624522,2443
700.70047680737287,2400
700.83012521959927,2369.800048828125
700.95977288229153,2454.60009765625
701.08941979481642,2436.199951171875
701.21906595654048,2432.800048828125
701.3487113668308,2385
701.47835602505415,2369.39990234375
701.60799993057719,2363.800048828125
701.73764308276679,2300.60009765625
701.86728548099,2328.800048828125
701.99692712461319,2300.199951171875
702.12656801300352,2265.39990234375
702.25620814552769,2310
702.38584752155271,2323.199951171875
702.51548614044532,2353
702.64512400157219,2345
702.77476110430041,2350
702.90439744799676,2353.60009765625
703.034033032028,2321.800048828125
703.1636678557611,2267.60009765625
703.29330191856275,2377
703.42293521980014,2312.39990234375
703.55256775883981,2377
703.68219953504888,2343.199951171875
703.8118305477941,2385.199951171875
703.94146079644224,2391.199951171875
704.07109028036052,2438.800048828125
704.20071899891548,2392.60009765625
704.33034695147421,2467.800048828125
704.45997413740349,2408.60009765625
704.58960055607042,2410.800048828125
704.71922620684154,2421.199951171875
704.84885108908418,2479.60009765625
704.9784752021651,2433.199951171875
705.10809854545107,2495.800048828125
705.23772111830908,2545.800048828125
705.36734292010624,2486
705.49696395020919,2538.39990234375
705.62658420798516,2476.800048828125
705.7562036928008,2430.39990234375
705.88582240402332,2452.39990234375
706.01544034101948,2447.199951171875
706.14505750315629,2443.199951171875
706.27467388980062,2421.60009765625
706.40428950031969,2420.60009765625
706.53390433408015,2402.39990234375
706.66351839044921,2460
706.79313166879376,2402.60009765625
706.92274416848056,2309.39990234375
707.052355888877,2321
707.18196682934979,2359.60009765625
707.31157698926609,2377.60009765625
707.44118636799249,2386.39990234375
707.57079496489655,2348.199951171875
707.70040277934481,2347
707.83000981070461,2310.60009765625
707.95961605834282,2347.800048828125
708.08922152162643,2299
708.21882619992255,2342.199951171875
708.34843009259794,2332.39990234375
708.47803319902016,2328.39990234375
708.60763551855564,2329.60009765625
708.73723705057193,2349
708.8668377944357,2304.39990234375
708.99643774951414,2286.199951171875
709.12603691517438,2338.199951171875
709.25563529078329,2388.199951171875
709.38523287570808,2359.60009765625
709.51482966931576,2337.39990234375
709.64442567097342,2388
709.77402088004817,2374.39990234375
709.89904005040194,2444.800048828125
710.02847332534441,2461
710.15790647908022,2456.800048828125
710.2873395109832,2426.60009765625
710.41677242042692,2493.199951171875
710.54620520678475,2453.60009765625
710.6756378694306,2558.60009765625
710.80507040773762,2512.199951171875
710.93450282107949,2523
711.06393510882981,2519.199951171875
711.19336727036216,2434.60009765625
711.32279930504978,2506.199951171875
711.45223121226627,2517
711.581662991385,2457
711.71109464177948,2532
711.84052616282338,2485.39990234375
711.9699575538898,2467
712.09938881435244,2451.800048828125
712.22881994358443,2420
712.35825094095935,2438.199951171875
712.48768180585046,2390.199951171875
712.61711253763121,2418.39990234375
712.746543135675,2462
712.875973599355,2371.199951171875
713.00540392804476,2403.199951171875
713.13483412111748,2395.39990234375
713.2642641779463,2362.39990234375
713.39369409790481,2380.199951171875
713.52312388036614,2415.39990234375
713.65255352470365,2362
713.78198303029058,2382.199951171875
713.91141239649994,2312.39990234375
714.04084162270544,2347
714.17027070827976,2336.39990234375
714.29969965259636,2338.60009765625
714.42912845502849,2277.39990234375
714.55855711494939,2248.39990234375
714.687985631732,2283.39990234375
714.81741400474971,2252.60009765625
714.94684223337538,2266.199951171875
715.07627031698235,2221.800048828125
715.205698254944,2220.39990234375
715.33512604663281,2190.39990234375
715.46455369142234,2140.60009765625
715.59398118868558,2141.199951171875
715.72340853779565,2189
715.85283573812558,2168.800048828125
715.98226278904826,2170.39990234375
716.11168968993684,2183.60009765625
716.24111644016455,2194.199951171875
716.37054303910418,2251.199951171875
716.49996948612875,2217.39990234375
716.62939578061116,2227.199951171875
716.75882192192466,2181.199951171875
716.888247909442,2220
717.01767374253632,2201.800048828125
717.14709942058028,2301.39990234375
717.276524942947,2246.800048828125
717.40595030900954,2258.39990234375
717.53537551814043,2276.199951171875
717.66480056971307,2291.800048828125
717.79422546309968,2308.800048828125
717.92365019767385,2360
718.053074772808,2368
718.18249918787512,2366.60009765625
718.311923442248,2289.199951171875
718.44134753529943,2351.60009765625
718.57077146640233,2385.39990234375
718.70019523492931,2260.39990234375
718.82961884025337,2319.800048828125
718.95904228174732,2333.60009765625
719.0884655587837,2287.60009765625
719.21788867073553,2266.39990234375
719.34731161697528,2238.800048828125
719.47673439687594,2198.800048828125
719.60615700981,2208.39990234375
719.7355794551504,2273.199951171875
719.86500173226966,2264.800048828125
719.99442384054043,2193
720.12384577933574,2212.199951171875
720.25326754802779,2190.800048828125
720.38268914598939,2179.60009765625
720.51211057259343,2209.39990234375
720.64153182721225,2155.60009765625
720.77095290921852,2176.199951171875
720.900373817985,2130
721.02979455288391,2146.39990234375
721.15921511328838,2151
721.28863549857067,2169.800048828125
721.41805570810322,2136.800048828125
721.54747574125884,2161.60009765625
721.67689559740984,2144.800048828125
721.80631527592891,2153
721.93573477618861,2168.199951171875
722.06515409756128,2130.60009765625
722.19457323941958,2151.60009765625
722.32399220113587,2176.39990234375
722.45341098208246,2149.199951171875
722.58282958163215,2154
722.71224799915728,2226.199951171875
722.84166623403007,2162.39990234375
722.97108428562331,2151
723.10050215330921,2180.800048828125
723.22991983646011,2209.199951171875
723.35933733444858,2178.800048828125
723.48875464664673,2220
723.61817177242733,2265.199951171875
723.74758871116228,2191
723.87700546222436,2248.39990234375
724.00642202498557,2242.60009765625
724.13583839881835,2256.60009765625
724.265254583095,2182.199951171875
724.39467057718809,2243.800048828125
724.5240863804695,2217.60009765625
724.65350199231182,2225.800048828125
724.782917412087,2256
724.91233263916774,2262.60009765625
725.04174767292579,2211.800048828125
725.17116251273387,2199.60009765625
725.30057715796386,2164.60009765625
725.4299916079882,2196.800048828125
725.55940586217878,2143.800048828125
725.68881991990816,2128
725.81823378054833,2153.800048828125
725.94764744347151,2120.39990234375
726.07706090804982,2164.60009765625
726.20647417365558,2122
726.33588723966068,2120.199951171875
726.46530010543734,2057.199951171875
726.59471277035766,2137.199951171875
726.72412523379387,2125.199951171875
726.853537495118,2081.800048828125
726.982949553702,2042.4000244140625
727.11236140891833,2072.39990234375
727.24177306013848,2011.199951171875
727.37118450673506,2025.5999755859375
727.50059574807972,2024.4000244140625
727.63000678354467,2014.4000244140625
727.75941761250192,2017
727.88882823432346,1941.199951171875
728.01823864838127,2002.4000244140625
728.14764885404747,1962.4000244140625
728.27705885069372,1927
728.40646863769246,1930.199951171875
728.53587821441522,1944.199951171875
728.66528758023412,1901.5999755859375
728.79469673452115,1914
728.92410567664831,1862.4000244140625
729.05351440598724,1838.800048828125
729.18292292191006,1836.5999755859375
729.31233122378853,1811.4000244140625
729.44173931099465,1905.5999755859375
729.57114718290018,1850.5999755859375
729.70055483887722,1855.4000244140625
729.82996227829733,1851.4000244140625
729.95936950053249,1834.199951171875
730.08877650495458,1853.199951171875
730.21818329093526,1881.4000244140625
730.34758985784663,1911.4000244140625
730.47699620506023,1859.5999755859375
730.60640233194783,1879.199951171875
730.73580823788154,1901
730.86521392223267,1947.4000244140625
730.99461938437344,1913
731.12402462367527,1898.800048828125
731.25342963951,1966.5999755859375
731.38283443124942,1940.199951171875
731.512238998265,1996.5999755859375
731.64164333992892,1978
731.77104745561246,1951.199951171875
731.90045134468755,1965.4000244140625
732.02985500652562,1947.199951171875
732.15925844049866,1952.199951171875
732.2886616459781,2019
732.41806462233558,1926.5999755859375
732.54746736894288,1986
732.67686988517164,1926.199951171875
732.8062721703933,1945.800048828125
732.93567422397962,1944
733.06507604530213,1901
733.19447763373228,1929.199951171875
733.323878988642,1908
733.45328010940261,1952.5999755859375
733.58268099538566,1904.5999755859375
733.71208164596283,1930.199951171875
733.84148206050543,1900.4000244140625
733.97088223838523,1903.4000244140625
734.10028217897377,1894.800048828125
734.22968188164236,1859.5999755859375
734.35908134576266,1939.5999755859375
734.488480570706,1853.4000244140625
734.617879555844,1870.800048828125
734.74727830054792,1842.199951171875
734.8766768041894,1899
735.00607506613994,1847.4000244140625
735.135473085771,1833.800048828125
735.2648708624539,1851.4000244140625
735.39426839556,1807.4000244140625
735.52366568446075,1835
735.65306272852752,1819.5999755859375
735.78245952713189,1848.199951171875
735.91185607964508,1809.5999755859375
736.0412523854385,1765.5999755859375
736.17064844388347,1753.5999755859375
736.30004425435141,1819.4000244140625
736.42943981621363,1846
736.55883512884157,1805.5999755859375
736.68823019160629,1835
736.81762500387936,1836.5999755859375
736.947019565032,1866.800048828125
737.07641387443539,1876.800048828125
737.20580793146087,1841
737.33520173547993,1814.199951171875
737.46459528586354,1854.4000244140625
737.59398858198324,1837
737.72338162320989,1866.800048828125
737.85277440891514,1861.199951171875
737.98216693847,1850.199951171875
738.11155921124566,1824
738.24095122661345,1812.4000244140625
738.37034298394451,1823.199951171875
738.49973448260994,1791.5999755859375
738.62912572198115,1803
738.7585167014289,1792.800048828125
738.88790742032484,1825.800048828125
739.01729787803993,1806.199951171875
739.14668807394526,1771.5999755859375
739.27607800741191,1838.199951171875
739.4054676778112,1788
739.534857084514,1743.199951171875
739.66424622689169,1760.199951171875
739.79363510431506,1770
739.92302371615551,1755.199951171875
740.05241206178391,1743
740.18180014057134,1734.4000244140625
740.311187951889,1751
740.44057549510774,1738.199951171875
740.56996276959876,1760.4000244140625
740.699349774733,1708.4000244140625
740.82873650988165,1700.4000244140625
740.95812297441557,1749.199951171875
741.08750916770566,1689.5999755859375
741.21689508912323,1679.4000244140625
741.3462807380389,1681.800048828125
741.47566611382388,1613.800048828125
741.60505121584913,1635.199951171875
741.73443604348563,1634.5999755859375
741.86382059610412,1606.4000244140625
741.9932048730758,1621
742.12258887377141,1597
742.251972597562,1544
742.38135604381841,1564.4000244140625
742.51073921191164,1534.4000244140625
742.64012210121257,1485.5999755859375
742.76950471109194,1536.199951171875
742.89888704092073,1545
743.02826909006967,1513
743.15765085791008,1490.199951171875
743.28703234381214,1493
743.41641354714727,1508.199951171875
743.5457944672861,1472.800048828125
743.67517510359926,1502.5999755859375
743.80455545545783,1471
743.93393552223245,1458.5999755859375
744.06331530329408,1503.4000244140625
744.19269479801346,1477.199951171875
744.32207400576124,1474.199951171875
744.45145292590826,1419.4000244140625
744.58083155782538,1479.4000244140625
744.71020990088323,1492.4000244140625
744.83958795445278,1496.800048828125
744.96896571790444,1496
745.09834319060906,1522
745.22772037193749,1522
745.35709726126038,1547.199951171875
745.48647385794834,1555.800048828125
745.61585016137224,1540.199951171875
745.74522617090247,1505.800048828125
745.8746018859099,1533.199951171875
746.00397730576537,1542.199951171875
746.13335242983931,1538.5999755859375
746.26272725750232,1561
746.39210178812516,1551.199951171875
746.52147602107846,1570.5999755859375
746.650849955733,1485.4000244140625
746.780223591459,1558.800048828125
746.90959692762749,1534.800048828125
747.03896996360879,1556.4000244140625
747.1683426987737,1543.5999755859375
747.2977151324925,1566.4000244140625
747.427087264136,1570.4000244140625
747.556459093075,1549
747.68583061867946,1522.800048828125
747.81520184032047,1563
747.94457275736818,1542
748.07394336919333,1560.5999755859375
748.20331367516656,1534.4000244140625
748.33268367465814,1564
748.46205336703883,1563
748.59142275167881,1519.199951171875
748.72079182794869,1500
748.85016059521922,1482.199951171875
748.97952905286047,1470.199951171875
749.10889720024329,1489.4000244140625
749.23826503673786,1448.800048828125
749.3676325617148,1464.199951171875
749.49699977454429,1448.800048828125
749.62636667459719,1436.4000244140625
749.75573326124356,1513
749.885099533854,1464.5999755859375
750.01446549179889,1473
750.14383113444853,1432.5999755859375
750.27319646117348,1478.5999755859375
750.402561471344,1443.800048828125
750.53192616433057,1437.199951171875
750.66129053950351,1452.4000244140625
750.79065459623314,1470
750.92001833389,1448.199951171875
751.049381751844,1479
751.17874484946594,1424.4000244140625
751.308107626126,1430.800048828125
751.43747008119442,1455
751.5668322140416,1466
751.69619402403794,1511.800048828125
751.8255555105535,1420.199951171875
751.95491667295869,1451.800048828125
752.08427751062379,1430.199951171875
752.2136380229191,1465.4000244140625
752.3429982092149,1467.800048828125
752.47235806888136,1483.800048828125
752.6017176012889,1468.199951171875
752.73107680580756,1473.199951171875
752.86043568180776,1447.4000244140625
752.98979422865966,1403.5999755859375
753.11915244573345,1448.5999755859375
753.24851033239929,1422
753.37786788802748,1455.199951171875
753.50722511198819,1423.800048828125
753.63658200365171,1409.199951171875
753.765938562388,1412.4000244140625
753.89529478756742,1382.5999755859375
754.02465067856008,1387.199951171875
754.15400623473624,1400.4000244140625
754.28336145546575,1332.5999755859375
754.41271634011912,1367.199951171875
754.54207088806606,1374.4000244140625
754.67142509867722,1389.800048828125
754.80077897132242,1323
754.93013250537172,1388.5999755859375
755.05948570019552,1380.4000244140625
755.18883855516344,1343.199951171875
755.3181910696461,1343.800048828125
755.44754324301323,1316.199951171875
755.576895074635,1335
755.70624656388156,1298.199951171875
755.83559771012278,1260.800048828125
755.964948512729,1322.800048828125
756.09429897107009,1275.4000244140625
756.22364908451607,1249.199951171875
756.35299885243694,1231.800048828125
756.48234827420288,1216.199951171875
756.61169734918383,1224.800048828125
756.74104607674985,1194.4000244140625
756.87039445627079,1220.5999755859375
756.99974248711681,1194.5999755859375
757.12909016865763,1208.4000244140625
757.25843750026365,1197.4000244140625
757.38778448130461,1228
757.51713111115043,1168.4000244140625
757.6464773891712,1190
757.77582331473673,1161.199951171875
757.90516888721709,1170.5999755859375
758.03451410598211,1145.5999755859375
758.16385897040186,1137
758.29320347984617,1088.5999755859375
758.42254763368487,1095.5999755859375
758.551891431288,1125.199951171875
758.68123487202558,1120.800048828125
758.81057795526726,1102.199951171875
758.939920680383,1112.4000244140625
759.06926304674278,1118.800048828125
759.19860505371628,1081.800048828125
759.32794670067369,1072.199951171875
759.45728798698451,1101.5999755859375
759.5866289120188,1152
759.71596947514638,1097.4000244140625
759.8453096757371,1132.4000244140625
759.97464951316067,1147.5999755859375
760.10398898678693,1152.4000244140625
760.23332809598594,1127.800048828125
760.3626668401273,1154.4000244140625
760.49200521858086,1124.199951171875
760.62134323071643,1153.4000244140625
760.75068087590364,1164
760.88001815351265,1171
761.00935506291285,1186.800048828125
761.13869160347429,1155.800048828125
761.26802777456646,1137.4000244140625
761.39736357555944,1157.199951171875
761.52669900582271,1154.4000244140625
761.6560340647261,1179.4000244140625
761.78536875163945,1173.800048828125
761.91470306593226,1131.4000244140625
762.04403700697446,1170.5999755859375
762.17337057413579,1214.800048828125
762.30270376678584,1178.800048828125
762.43203658429422,1176.800048828125
762.56136902603089,1193.199951171875
762.69070109136533,1184.199951171875
762.82003277966737,1216.199951171875
762.9493640903064,1195.800048828125
763.07869502265248,1159.5999755859375
763.2080255760751,1186.4000244140625
763.33735574994387,1204.4000244140625
763.4666855436285,1173.199951171875
763.59601495649861,1136.800048828125
763.72534398792379,1166.4000244140625
763.85467263727367,1127.5999755859375
763.98400090391806,1151.4000244140625
764.11332878722635,1124.4000244140625
764.24265628656826,1115.4000244140625
764.3719834013134,1099.5999755859375
764.50131013083137,1082.4000244140625
764.63063647449167,1065.199951171875
764.75996243166412,1059.4000244140625
764.889288001718,1087.4000244140625
765.01861318402291,1074
765.14793797794869,1031
765.27726238286482,1040.5999755859375
765.40658639814058,1058.199951171875
765.53591002314579,1037
765.66523325724984,991.79998779296875
765.79455609982244,1040.5999755859375
765.92387855023287,995.4000244140625
766.05320060785084,1015.4000244140625
766.182522272046,1000.4000244140625
766.31184354218749,951.20001220703125
766.44116441764515,985
766.57048489778822,985
766.69980498198629,1009.5999755859375
766.82912466960886,999.20001220703125
766.95844396002542,1052.5999755859375
767.08776285260558,1058.4000244140625
767.21708134671837,1066.199951171875
767.34639944173387,1023.7999877929688
767.475717137021,1056
767.60503443194943,1057.800048828125
767.73435132588861,1062.5999755859375
767.863667818208,1005.5999755859375
767.992983908277,1084.199951171875
768.12229959546494,1056.800048828125
768.25161487914136,1093
768.38092975867551,1049
768.51024423343711,1067
768.63955830279531,1038.199951171875
768.76887196611949,1018.4000244140625
768.898185222779,1057.199951171875
769.02749807214366,1018.4000244140625
769.15681051358229,1030.4000244140625
769.28612254646453,1002.5999755859375
769.41543417015976,1009.2000122070313
769.54474538403724,1005.7999877929688
769.67405618746648,1017.4000244140625
769.8033665798165,963
769.932676560457,1035.4000244140625
770.06198612875733,1001.5999755859375
770.19129528408644,997.5999755859375
770.320604025814,1016.4000244140625
770.44991235330917,1002.2000122070313
770.57922026594133,978.20001220703125
770.7085277630797,1000.5999755859375
770.83783484409389,970.4000244140625
770.96714150835271,956.4000244140625
771.09644775522577,943.79998779296875
771.22575358408221,921.5999755859375
771.35505899429143,946.20001220703125
771.48436398522256,907.4000244140625
771.61366855624522,907.4000244140625
771.7429727067281,905.20001220703125
771.87227643604092,858.4000244140625
772.00157974355284,892
772.130882628633,910.4000244140625
772.26018509065068,901.5999755859375
772.38948712897513,915
772.51878874297563,863.5999755859375
772.64808993202132,896
772.77739069548147,871.4000244140625
772.90669103272523,856
773.03599094312187,844.79998779296875
773.16529042604043,817.5999755859375
773.29458948085039,821.4000244140625
773.4238881069208,834.5999755859375
773.55318630362092,792.4000244140625
773.68248407031967,797.79998779296875
773.81178140638656,821.20001220703125
773.94107831119061,787.5999755859375
774.07037478410086,813.4000244140625
774.19967082448659,793.5999755859375
774.328966431717,795
774.45826160516128,796
774.58755634418844,780.20001220703125
774.71685064816756,786.4000244140625
774.846144516468,795.4000244140625
774.97543794845888,795.79998779296875
775.10473094350914,816
775.23402350098786,799.4000244140625
775.3633156202643,752.5999755859375
775.49260730070762,814.79998779296875
775.62189854168673,801.5999755859375
775.751189342571,829.79998779296875
775.88047970272919,835.20001220703125
776.00976962153061,814.20001220703125
776.13905909834421,802.4000244140625
776.26834813253924,797.5999755859375
776.39763672348465,856.4000244140625
776.52692487054946,807.5999755859375
776.65621257310283,862
776.78549983051391,803.20001220703125
776.91478664215151,829.4000244140625
777.04407300738478,807.5999755859375
777.17335892558276,804.20001220703125
777.3026443961146,792.4000244140625
777.43192941834911,791
777.56121399165556,815.79998779296875
777.69049811540276,831.5999755859375
777.81978178895986,841
777.94906501169589,809.79998779296875
778.07834778297968,843.4000244140625
778.20763010218047,871.20001220703125
778.3369119686671,882.79998779296875
778.46619338180858,850.5999755859375
778.595474340974,827.79998779296875
778.72475484553217,831
778.85403489485213,810.79998779296875
778.983314488303,836.4000244140625
779.11259362525357,840.4000244140625
779.24187230507289,806.79998779296875
779.37115052712988,817.5999755859375
779.50042829079359,798
779.62970559543282,811.4000244140625
779.75898244041662,818
779.888258825114,782.5999755859375
780.01753474889369,799.20001220703125
780.14681021112483,808.79998779296875
780.27608521117611,793.79998779296875
780.40535974841669,814.20001220703125
780.53463382221537,813.79998779296875
780.66390743194108,793.4000244140625
780.79318057696275,801.79998779296875
780.92245325664931,789.20001220703125
781.05172547036943,801.4000244140625
781.1809972174924,758.79998779296875
781.31026849738691,798.4000244140625
781.43953930942178,756.4000244140625
781.568809652966,782.4000244140625
781.69807952738836,765.5999755859375
781.8273489320577,797
781.95661786634309,780.79998779296875
782.08588632961334,786.20001220703125
782.21515432123715,814.5999755859375
782.34442184058332,762.4000244140625
782.47368888702113,790.79998779296875
782.60295545991892,770.20001220703125
782.73222155864585,774.79998779296875
782.86148718257073,772.5999755859375
782.99075233106214,800.79998779296875
783.12001700348935,734.79998779296875
783.24928119922083,773
783.37854491762539,794.5999755859375
783.50780815807207,776.4000244140625
783.63707091992967,779.4000244140625
783.7663332025669,751
783.89559500535245,744
784.02485632765536,786.20001220703125
784.15411716884421,771.20001220703125
784.283377528288,782
784.41263740535544,746.4000244140625
784.54189679941521,746.79998779296875
784.67115570983617,777.5999755859375
784.80041413598713,730
784.92967207723677,734.79998779296875
785.058929532954,713.20001220703125
785.18818650250751,770.79998779296875
785.317442985266,736.4000244140625
785.44669898059828,739.5999755859375
785.5759544878731,679
785.70520950645925,715.4000244140625
785.83446403572543,704.4000244140625
785.96371807504033,678.20001220703125
786.09297162377266,673.5999755859375
786.22222468129144,662.4000244140625
786.351477246965,674.5999755859375
786.48072932016237,664.4000244140625
786.609980900252,659.5999755859375
786.739231986603,698
786.86848257858378,666.20001220703125
786.997732675563,634.20001220703125
787.12698227690964,675
787.25623138199217,627.79998779296875
787.38547999017942,651
787.51472810083987,629.20001220703125
787.64397571334246,632.20001220703125
787.77322282705575,606.4000244140625
787.90246944134856,612.4000244140625
788.03171555558936,644
788.160961169147,622.4000244140625
788.29020628139,612.4000244140625
788.41945089168723,613.20001220703125
788.54869499940719,589
788.67793860391851,606.5999755859375
788.80718170459,614.79998779296875
788.93642430079024,586.5999755859375
789.06566639188793,580.5999755859375
789.19490797725155,583.5999755859375
789.32414905625,536.20001220703125
789.45338962825178,565.79998779296875
789.58262969262546,551.4000244140625
789.71186924873973,553
789.84110829596329,548.4000244140625
789.97034683366473,554
790.09958486121263,544
790.22882237797558,533
790.35805938332226,534.4000244140625
790.48729587662126,561.20001220703125
790.61653185724128,548
790.74576732455068,557.5999755859375
790.87500227791838,534
791.00423671671285,544.4000244140625
791.13347064030256,573.20001220703125
791.26270404805621,568.79998779296875
791.39193693934249,536.5999755859375
791.52116931352975,539
791.65040116998671,555.4000244140625
791.779632508082,538.5999755859375
791.90886332718424,568.4000244140625
792.03809362666175,568.20001220703125
792.16732340588328,576
792.2965526642173,567.20001220703125
792.42578140103251,554.20001220703125
792.55500961569737,540.79998779296875
792.68423730758059,578
792.8134644760504,560.20001220703125
792.94269112047562,537.5999755859375
793.07191724022482,550.5999755859375
793.20114283466637,569.79998779296875
793.330367903169,575.79998779296875
793.45959244510107,578.79998779296875
793.58881645983115,558.20001220703125
793.7180399467278,571.4000244140625
793.8472629051596,578.4000244140625
793.97648533449512,595.79998779296875
794.10570723410262,633.79998779296875
794.234928603351,595.5999755859375
794.36414944160833,603.20001220703125
794.49336974824359,615
794.622589522625,646
794.75180876412117,591.79998779296875
794.88102747210053,631.5999755859375
795.01024564593172,614.4000244140625
795.139463284983,605.5999755859375
795.268680388623,598.20001220703125
795.39789695622039,594.20001220703125
795.52711298714348,548.79998779296875
795.65632848076086,556
795.78554343644078,579
795.914757853552,551.20001220703125
796.04397173146276,569.79998779296875
796.17318506954177,554.20001220703125
796.30239786715731,566.20001220703125
796.43161012367818,538.79998779296875
796.56082183847241,550.5999755859375
796.69003301090856,542
796.81924364035535,546.79998779296875
796.94845372618113,549
797.07766326775425,560
797.20687226444329,558.79998779296875
797.3360807156165,527.79998779296875
797.4652886206427,528.79998779296875
797.59449597888988,545.79998779296875
797.72370278972687,552.79998779296875
797.852909052522,529.79998779296875
797.98211476664369,550.20001220703125
798.11131993146034,535.20001220703125
798.24052454634045,558.79998779296875
798.36972861065237,541.4000244140625
798.49893212376458,534.79998779296875
798.62813508504564,557.4000244140625
798.7573374938637,528.20001220703125
798.88653934958734,558.79998779296875
799.015740651585,533.5999755859375
799.1449413992251,553
799.27414159187617,520.20001220703125
799.40334122890624,538
799.53254030968412,518.79998779296875
799.66173883357794,544.79998779296875
799.7909367999564,516
799.92013420818762,545
800.04933105764019,531.79998779296875
800.17852734768246,540.79998779296875
800.30772307768279,513.79998779296875
800.43691824700954,546.4000244140625
800.56611285503118,541.5999755859375
800.69530690111617,569
800.82450038463276,537
800.95369330494941,527.79998779296875
801.08288566143437,522.20001220703125
801.21207745345635,569.79998779296875
801.34126868038334,534.79998779296875
801.47045934158393,557.5999755859375
801.5996494364266,529
801.72883896427948,544.4000244140625
801.858027924511,546.5999755859375
801.98721631648971,525.79998779296875
802.11640413958366,490.60000610351563
802.2455913931617,491
802.37477807659172,463
802.5039641892422,474.20001220703125
802.6331497304817,473.20001220703125
802.76233469967849,474.60000610351563
802.8915190962008,471.79998779296875
803.02070291941709,452.20001220703125
803.14988616869562,455.60000610351563
803.27906884340484,457.20001220703125
803.40825094291313,450.39999389648438
803.53743246658883,431.79998779296875
803.66661341380018,446.79998779296875
803.79579378391554,440.79998779296875
803.92497357630327,450.20001220703125
804.05415279033173,434.20001220703125
804.18333142536926,431.20001220703125
804.31250948078423,446.60000610351563
804.44168695594487,444
804.57086385021978,425.20001220703125
804.700040162977,418
804.82921589358477,410
804.95839104141169,398.39999389648438
805.087565605826,407.79998779296875
805.21673958619613,385.39999389648438
805.34591298189014,408
805.47508579227645,393.79998779296875
805.60425801672363,392.60000610351563
805.73342965459972,398.79998779296875
805.86260070527317,379.60000610351563
805.99177116811211,375.60000610351563
806.120941042485,392
806.25011032776035,364
806.379279023306,371.79998779296875
806.50844712849062,375.39999389648438
806.63761464268225,363.79998779296875
806.76678156524952,380.79998779296875
806.89594789556065,367.79998779296875
807.02511363298368,345.79998779296875
807.154278776887,348.20001220703125
807.28344332663926,372.60000610351563
807.41260728160853,366
807.54177064116277,387.39999389648438
807.67093340467079,347.20001220703125
807.80009557150072,363.60000610351563
807.92925714102068,357
808.05841811259916,368.79998779296875
808.18757848560426,374.20001220703125
808.31673825940447,340.39999389648438
808.445897433368,378.20001220703125
808.57505600686329,382.39999389648438
808.70421397925827,368
808.83337134992144,356.79998779296875
808.962528118221,405
809.09168428352541,383.60000610351563
809.22083984520282,383.39999389648438
809.34999480262161,368.20001220703125
809.4791491551498,375.20001220703125
809.60830290215586,361
809.73745604300814,360.39999389648438
809.86660857707477,373.60000610351563
809.995760503724,395.60000610351563
810.12491182232429,429.79998779296875
810.25406253224367,470.60000610351563
810.38321263285059,469.79998779296875
810.51236212351318,451.39999389648438
810.64151100359993,464
810.770659272479,443.79998779296875
810.89980692951849,393.20001220703125
811.02895397408679,403.60000610351563
811.1581004055522,483.79998779296875
811.287246223283,714
811.41639142664735,804.5999755859375
811.54553601501357,776
811.67467998774987,785.20001220703125
811.80382334422461,741.4000244140625
811.93296608380592,630.5999755859375
812.06210820586227,437.39999389648438
812.19124970976168,372.39999389648438
812.32039059487249,403.79998779296875
812.449530860563,387.39999389648438
812.57867050620143,377.60000610351563
812.707809531156,382.60000610351563
812.836947934795,362.39999389648438
812.96608571648665,362.39999389648438
813.09522287559935,393.79998779296875
813.22435941150127,387
813.35349532356042,370
813.48263061114528,365
813.6117652736242,343.39999389648438
813.74089931036519,351.39999389648438
813.87003272073662,356.20001220703125
813.99916550410671,344.39999389648438
814.12829765984372,353.20001220703125
814.25742918731578,367
814.38656008589146,365.79998779296875
814.51569035493867,383.60000610351563
814.64481999382565,362
814.77394900192087,383.20001220703125
814.90307737859257,362.20001220703125
815.03220512320877,358.39999389648438
815.16133223513782,367.60000610351563
815.290458713748,375
815.41958455840745,351.79998779296875
815.54870976848451,360.20001220703125
815.67783434334729,354.20001220703125
815.80695828236435,367
815.9360815849036,375.39999389648438
816.0652042503333,353.60000610351563
816.19432627802189,363.20001220703125
816.3234476673374,355
816.45256841764831,354.39999389648438
816.5816885283225,355.79998779296875
816.71080799872846,366
816.83992682823441,330.79998779296875
816.9690450162085,341.20001220703125
817.09816256201907,336
817.22727946503426,342.39999389648438
817.3563957246223,338.39999389648438
817.48551134015145,340.20001220703125
817.61462631099,354.79998779296875
817.74374063650623,342
817.87285431606824,351
818.00196734904432,345.20001220703125
818.13107973480271,321
818.26019147271154,327.20001220703125
818.38930256213916,331.79998779296875
818.51841300245383,325.60000610351563
818.64752279302365,331
818.776631933217,338.79998779296875
818.90574042240212,330.20001220703125
819.03484825994713,338.60000610351563
819.16395544522015,337.60000610351563
819.29306197758979,318.79998779296875
819.42216785642393,321
819.55127308109093,298
819.680377650959,326.60000610351563
819.80948156539648,322.39999389648438
819.93858482377152,306.79998779296875
820.06768742545239,312.39999389648438
820.19678936980722,316.60000610351563
820.32589065620425,310.79998779296875
820.454991284012,305.20001220703125
820.58409125259823,308.79998779296875
820.71319056133154,286
820.84228920958,296.39999389648438
820.971387196712,311.60000610351563
821.10048452209548,300.20001220703125
821.229581185099,296.60000610351563
821.35867718509076,297.60000610351563
821.48777252143873,296
821.61686719351133,292.60000610351563
821.74596120067679,286.20001220703125
821.87505454230325,272.60000610351563
822.004147217759,289.39999389648438
822.13323922641246,284
822.26233056763169,288.79998779296875
822.391421240785,263.79998779296875
822.5205112452403,260
822.64960058036638,256.60000610351563
822.778689245531,256.60000610351563
822.90777724010286,276.79998779296875
823.03686456344974,246.39999389648438
823.16595121494015,264.79998779296875
823.29503719394222,263.20001220703125
823.42412249982419,248.39999389648438
823.55320713195431,243
823.682291089701,241.19999694824219
823.81137437243228,239.19999694824219
823.9404569795164,256.79998779296875
824.06953891032185,220.19999694824219
824.19862016421655,232.80000305175781
824.32770074056884,237.60000610351563
824.45678063874709,231.39999389648438
824.58585985811942,241.19999694824219
824.7149383980543,233.60000610351563
824.84401625791963,232.39999389648438
824.97309343708389,247.19999694824219
825.10216993491531,239.60000610351563
825.23124575078191,233.39999389648438
825.36032088405227,233.60000610351563
825.48939533409452,247.80000305175781
825.6184691002768,216
825.74754218196756,248.19999694824219
825.87661457853483,229.39999389648438
826.005686289347,252.60000610351563
826.1347573137723,251.19999694824219
826.2638276511791,309.79998779296875
826.39289730093526,301.39999389648438
826.52196626240959,316
826.65103453496988,310.60000610351563
826.78010211798471,300
826.90916901082221,297.79998779296875
827.03823521285051,232.80000305175781
827.16730072343819,259.39999389648438
827.29636554195326,234.19999694824219
827.425429667764,234.39999389648438
827.55449310023869,239
827.68355583874575,241.80000305175781
827.81261788265317,247
827.94167923132932,245.19999694824219
828.07073988414265,244.80000305175781
828.19979984046131,264.39999389648438
828.32885909965353,222.19999694824219
828.45791766108766,247
828.58697552413173,243.60000610351563
828.71603268815431,249.39999389648438
828.84508915252354,248.39999389648438
828.97414491660788,236.60000610351563
829.10319997977524,265.79998779296875
829.23225434139408,250
829.36130800083288,247.19999694824219
829.49036095745953,276.60000610351563
829.61941321064273,239.19999694824219
829.7484647597505,250.39999389648438
829.8775156041512,258.79998779296875
830.006565743213,255.19999694824219
830.13561517630433,248.60000610351563
830.26466390279347,240.80000305175781
830.39371192204862,251.80000305175781
830.522759233438,245
830.65180583633025,243.60000610351563
830.78085173009322,242.39999389648438
830.90989691409561,252.39999389648438
831.03894138770534,250.80000305175781
831.16798515029086,228
831.29702820122077,220.80000305175781
831.42607053986285,238
831.5551121655858,243
831.68415307775763,239.80000305175781
831.81319327574693,238.80000305175781
831.9422327589217,244.60000610351563
832.07127152665043,254
832.20030957830147,265.39999389648438
832.32934691324306,233.60000610351563
832.45838353084343,232.39999389648438
832.58741943047107,241.80000305175781
832.71645461149421,232.39999389648438
832.8454890732811,245
832.97452281520009,227.80000305175781
833.10355583661953,246.60000610351563
833.23258813690779,236.39999389648438
833.36161971543311,234.39999389648438
833.490650571564,236.19999694824219
833.61968070466833,234.39999389648438
833.748710114115,232.80000305175781
833.87773879927192,220.80000305175781
834.00676675950751,214.60000610351563
834.13579399419041,246.80000305175781
834.26482050268851,224.39999389648438
834.39384628437028,235.60000610351563
834.52287133860443,213.39999389648438
834.65189566475885,231
834.78091926220191,225.60000610351563
834.90994213030194,226.19999694824219
835.03896426842778,229.19999694824219
835.16798567594719,219.80000305175781
835.29700635222866,214.80000305175781
835.42602629664088,228.19999694824219
835.55504550855164,204.39999389648438
835.68406398732975,231
835.81308173234356,223.39999389648438
835.94209874296109,199.60000610351563
836.07111501855115,199.80000305175781
836.20013055848142,210.19999694824219
836.329145362121,206.60000610351563
836.45815942883792,219.80000305175781
836.58717275800029,227.39999389648438
836.71618534897709,231.19999694824219
836.84519720113633,205.19999694824219
836.97420831384636,204
837.10321868647566,217.60000610351563
837.23222831839257,195
837.36123720896546,222.60000610351563
837.49024535756269,191.19999694824219
837.61925276355271,203.39999389648438
837.748259426304,208.60000610351563
837.87726534518481,209
838.00627051956326,193.60000610351563
838.13527494880839,202.19999694824219
838.2642786322881,195.60000610351563
838.39328156937086,187.19999694824219
838.52228375942536,193.80000305175781
838.65128520181963,182.60000610351563
838.780285895922,204.39999389648438
838.90928584110145,190
839.03828503672617,186.19999694824219
839.16728348216418,193
839.29628117678408,193.39999389648438
839.42527811995467,191.80000305175781
839.55427431104408,194.60000610351563
839.68326974942033,189.80000305175781
839.81226443445246,189.80000305175781
839.94125836550882,193.19999694824219
840.07025154195765,184.19999694824219
840.19924396316753,170.39999389648438
840.32823562850638,185.39999389648438
840.45722653734333,185.60000610351563
840.58621668904652,265.79998779296875
840.71520608298465,333.39999389648438
840.84419471852561,329.60000610351563
840.97318259503822,335.39999389648438
841.102169711891,323.79998779296875
841.23115606845192,296.20001220703125
841.36014166409018,232.19999694824219
841.489126498174,166.60000610351563
841.61811057007117,148
841.74709387915084,154.39999389648438
841.87607642478144,142.19999694824219
842.00505820633123,150
842.13403922316877,188.19999694824219
842.26301947466243,319
842.39199896018079,417.20001220703125
842.52097767909231,418.39999389648438
842.64995563076559,411.79998779296875
842.77893281456886,395.60000610351563
842.90790922987082,354
843.03688487604006,234.80000305175781
843.16585975244448,166
843.29483385845344,159.19999694824219
843.42380719343475,161.60000610351563
843.552779756757,157.80000305175781
843.68175154778908,149
843.81072256589925,157.80000305175781
843.93969281045588,158.19999694824219
844.06866228082765,132
844.19763097638327,158.39999389648438
844.32659889649085,135.60000610351563
844.45556604051922,145.39999389648438
844.5845324078366,162
844.71349799781183,171.60000610351563
844.84246280981336,154.60000610351563
844.97142684320966,160.80000305175781
845.10039009736943,155.60000610351563
845.22935257166091,139
845.35831426545269,163.80000305175781
845.48727517811346,155.19999694824219
845.61623530901193,157.80000305175781
845.74519465751621,154.80000305175781
845.87415322299523,140
846.00311100481758,170
846.13206800235162,161.19999694824219
846.2610242149658,137
846.38997964202883,154.39999389648438
846.51893428290941,140
846.64788813697589,146.60000610351563
846.776841203597,159
846.90579348214112,157.39999389648438
847.03474497197715,158.80000305175781
847.16369567247375,150.39999389648438
847.292645582999,168.39999389648438
847.42159470292177,161.60000610351563
847.55054303161069,153.39999389648438
847.67949056843452,156.80000305175781
847.80843731276127,167.39999389648438
847.93738326396033,159
848.0663284213997,167.39999389648438
848.19527278444832,147.80000305175781
848.32421635247465,153
848.45315912484739,146.19999694824219
848.58210110093523,156.60000610351563
848.71104228010643,140.39999389648438
848.83998266173035,172
848.96892224517489,164.39999389648438
849.09786102980911,158
849.22679901500135,156
849.35573620012053,155.80000305175781
849.48467258453491,163
849.61360816761373,153.19999694824219
849.74254294872549,168.60000610351563
849.87147692723852,151.39999389648438
850.00041010252164,160.19999694824219
850.12934247394332,159.39999389648438
850.25827404087283,158.80000305175781
850.38720480267841,158.19999694824219
850.51613475872853,148.80000305175781
850.64506390839222,164.39999389648438
850.77399225103807,154.19999694824219
850.902919786035,170.39999389648438
851.03184651275149,147.39999389648438
851.16077243055588,153.39999389648438
851.28969753881734,147.19999694824219
851.41862183690455,161
851.5475453241861,161
851.6764680000307,156.39999389648438
851.80538986380714,152.19999694824219
851.934310914884,213.39999389648438
852.06323115263,271
852.19215057641406,263.79998779296875
852.321069185605,267.39999389648438
852.449986979571,274.20001220703125
852.57890395768129,256.20001220703125
852.70782011930453,212
852.83673546380953,161.80000305175781
852.96564999056477,153.39999389648438
853.09456369893917,158.80000305175781
853.22347658830142,136.80000305175781
853.35238865802046,157.80000305175781
853.48129990746486,135.80000305175781
853.61021033600332,166.60000610351563
853.739119943005,141.19999694824219
853.86802872783835,144.60000610351563
853.99693668987243,147.80000305175781
854.12584382847547,128.80000305175781
854.25475014301685,142.39999389648438
854.38365563286527,136.19999694824219
854.51256029738931,148.39999389648438
854.64146413595768,141.39999389648438
854.77036714793951,150.39999389648438
854.89926933270351,147.19999694824219
855.02817068961849,149.80000305175781
855.157071218053,151.80000305175781
855.28597091737663,136.60000610351563
855.41486978695718,137.39999389648438
855.5437678261643,134
855.67266503436622,136.80000305175781
855.80156141093232,139.39999389648438
855.93045695523119,140.80000305175781
856.05935166663176,138
856.18824554450271,130
856.317138588213,139.60000610351563
856.44603079713136,121.40000152587891
856.574922170627,124
856.70381270806865,122
856.832702408825,139.60000610351563
856.96159127226508,132.19999694824219
857.09047929775784,129.39999389648438
857.21936648467192,122.80000305175781
857.34825283237637,119.59999847412109
857.47713834024046,126
857.6060230076323,119.19999694824219
857.73490683392129,115.80000305175781
857.86378981847656,141.39999389648438
857.9926719606666,125.59999847412109
858.12155325986043,113
858.250433715427,122.59999847412109
858.37931332673543,126.59999847412109
858.50819209315443,126.40000152587891
858.63707001405294,125.19999694824219
858.76594708879986,117.80000305175781
858.8948233167647,126.19999694824219
859.02369869731547,121.59999847412109
859.15257322982188,133.39999389648438
859.28144691365264,124
859.41031974817656,124.40000152587891
859.5391917327629,105.80000305175781
859.66806286678047,118.19999694824219
859.79693314959809,112
859.92580258058524,110
860.05467115911051,101
860.18353888454283,107.80000305175781
860.31240575625168,104.19999694824219
860.44127177360576,93.199996948242188
860.57013693597389,91.800003051757813
860.69900124272533,90.4000015258789
860.827864693229,95.5999984741211
860.95672728685406,92.199996948242188
861.08558902296943,99.4000015258789
861.21444990094426,91.5999984741211
861.34330992014736,91.4000015258789
861.472169079948,69
861.60102737971522,94
861.729884818818,94.4000015258789
861.85874139662542,97.800003051757813
861.98759711250636,90.800003051757813
862.11645196583015,79.199996948242188
862.24530595596582,86.199996948242188
862.3741590822824,76
862.50301134414906,86.4000015258789
862.63186274093471,99.800003051757813
862.76071327200873,92.199996948242188
862.88956293673982,104
863.01841173449748,95.5999984741211
863.14725966465062,72.5999984741211
863.2761067265684,86.199996948242188
863.40495291962,81.199996948242188
863.53379824317437,88.199996948242188
863.66264269660087,77.800003051757813
863.79148627926838,82.199996948242188
863.92032899054641,85.800003051757813
864.049170829804,81
864.17801179640992,88.199996948242188
864.30685188973348,85
864.43569110914427,97.5999984741211
864.56452945401111,96.5999984741211
864.693366923703,109
864.82220351758974,96.5999984741211
864.95103923503984,99.5999984741211
865.07987407542294,107.40000152587891
865.20870803810794,86.5999984741211
865.33754112246424,97.4000015258789
865.466373327861,97.4000015258789
865.59520465366734,104.59999847412109
865.72403509925255,95
865.85286466398588,89.4000015258789
865.98169334723661,106.40000152587891
866.11052114837389,101.40000152587891
866.23934806676709,105.59999847412109
866.368174101785,84.199996948242188
866.49699925279754,105.40000152587891
866.62582351917354,103.59999847412109
866.75464690028241,107.59999847412109
866.88346939549342,115.80000305175781
867.01229100417561,105.59999847412109
867.14111172569858,103.19999694824219
867.26993155943148,106.40000152587891
867.39875050474359,103.19999694824219
867.52756856100427,99.800003051757813
867.65638572758269,89.199996948242188
867.7852020038481,78.800003051757813
867.91401738917011,87
868.042831882918,79
868.1716454844609,89
868.30045819316831,100.19999694824219
868.42927000840939,100
868.55808092955363,93.199996948242188
868.68689095597028,103.59999847412109
868.815700087029,89.4000015258789
868.9445083220985,85.4000015258789
869.07331566054893,99.199996948242188
869.202122101749,90
869.33092764506841,103.40000152587891
869.45973228987634,95
869.58853603554269,112.40000152587891
869.71733888143638,102.59999847412109
869.84614082692667,103.59999847412109
869.97494187138352,98
870.10374201417608,89.4000015258789
870.23254125467372,94.4000015258789
870.36133959224594,99
870.49013702626189,101.40000152587891
870.61893355609141,96.5999984741211
870.74772918110386,101.19999694824219
870.87652390066853,95.4000015258789
871.0053177141549,90
871.13411062093257,97.800003051757813
871.26290262037094,97.800003051757813
871.39169371183959,100.80000305175781
871.5204838947077,103.80000305175781
871.649273168345,101.40000152587891
871.77806153212077,100.19999694824219
871.90684898540485,94
872.03563552756657,93
872.16442115797543,102.40000152587891
872.29320587600125,102.19999694824219
872.42198968101286,95.5999984741211
872.55077257238031,98.4000015258789
872.679554549473,102.80000305175781
872.80833561166048,103.59999847412109
872.9371157583123,89.800003051757813
873.06589498879816,85.800003051757813
873.19467330248744,92.5999984741211
873.32345069874975,97.4000015258789
873.45222717695458,86.4000015258789
873.58100273647176,99.800003051757813
873.70977737667079,101.40000152587891
873.838551096921,95
873.96732389659235,98
874.09609577505432,100.40000152587891
874.22486673167634,86.5999984741211
874.35363676582836,86
874.48240587687985,96
874.61117406420021,89.800003051757813
874.7399413271595,94.4000015258789
874.8687076651272,94.4000015258789
874.99747307747293,79
875.05617614371329,88.5999984741211
875.18497394353892,107.80000305175781
875.31377090126171,82.199996948242188
875.442567016251,75.4000015258789
875.57136228787579,81
875.70015671550527,93.199996948242188
875.82895029850829,91.5999984741211
875.95774303625421,86
876.0865349281122,98.5999984741211
876.2153259734514,84.800003051757813
876.34411617164074,85.4000015258789
876.47290552204981,91.800003051757813
876.60169402404711,82.199996948242188
876.73048167700244,91.199996948242188
876.85926848028487,77.800003051757813
876.98805443326319,79.800003051757813
877.11683953530667,89.5999984741211
877.24562378578491,94.199996948242188
877.37440718406674,86
877.50318972952141,89.4000015258789
877.6319714215183,88.800003051757813
877.76075225942611,93.4000015258789
877.88953224261468,81.800003051757813
878.01831137045281,95.4000015258789
878.14708964230977,78
878.27586705755493,85.4000015258789
878.40464361555746,99.4000015258789
878.53341931568639,88.5999984741211
878.66219415731121,89
878.790968139801,84.4000015258789
878.919741262525,88.800003051757813
879.04851352485252,87
879.177284926153,80.800003051757813
879.30605546579545,82.5999984741211
879.434825143149,72.800003051757813
879.56359395758318,82.800003051757813
879.69236190846721,68
879.8211289951704,81
879.94989521706191,83.4000015258789
880.07866057351123,84.199996948242188
880.2074250638874,76.4000015258789
880.3361886875598,72.800003051757813
880.46495144389769,79
880.5937133322708,74.199996948242188
880.72247435204781,74.199996948242188
880.85123450259823,77.4000015258789
880.97999378329189,62
881.10875219349725,65
881.23750973258427,66
881.36626639992221,69.4000015258789
881.49502219488011,59.400001525878906
881.62377711682768,61.799999237060547
881.7525311651342,61.799999237060547
881.88128433916881,49.799999237060547
882.0100366383009,54.599998474121094
882.13878806190007,63.799999237060547
882.26753860933559,57.400001525878906
882.39628827997694,60.200000762939453
882.525037073193,63
882.65378498835389,52
882.78253202482858,59.400001525878906
882.91127818198629,56.599998474121094
883.040023459197,68
883.16876785582986,58
883.29751137125379,63
883.42625400483894,68.199996948242188
883.55499575595445,70.4000015258789
883.68373662396971,51.799999237060547
883.81247660825431,61
883.94121570817742,65.4000015258789
884.06995392310876,59.400001525878906
884.19869125241769,52.799999237060547
884.32742769547349,58.400001525878906
884.45616325164588,45
884.58489792030423,56.599998474121094
884.71363170081815,46
884.84236459255669,55.400001525878906
884.9710965948899,59.400001525878906
885.099827707187,70
885.22855792881739,74.5999984741211
885.35728725915067,66.199996948242188
885.48601569755658,78
885.61474324340406,69.5999984741211
885.74346989606329,70.199996948242188
885.87219565490341,83
886.00092051929414,69.800003051757813
886.12964448860453,62
886.258367562205,69
886.38708973946439,75.4000015258789
886.5158110197525,65.199996948242188
886.6445314024387,67
886.77325088689292,73.800003051757813
886.90196947248444,67.5999984741211
887.030687158583,68.199996948242188
887.159403944558,60
887.28811982977925,67.800003051757813
887.41683481361622,61
887.5455488954384,59.200000762939453
887.67426207461551,58.400001525878906
887.8029743505175,51.400001525878906
887.93168572251318,61
888.06039618997306,62.200000762939453
888.18910575226619,58
888.3178144087625,62.599998474121094
888.44652215883139,67.4000015258789
888.57522900184267,64.5999984741211
888.703934937166,72
888.83263996417111,67.4000015258789
888.96134408222758,69.800003051757813
889.09004729070489,72.4000015258789
889.218749588973,67
889.34745097640121,76.4000015258789
889.47615145235977,63.799999237060547
889.60485101621782,67.4000015258789
889.73354966734553,75.4000015258789
889.8622474051125,72.199996948242188
889.99094422888822,71
890.11964013804254,73.5999984741211
890.2483351319454,74.5999984741211
890.37702920996594,77.4000015258789
890.50572237147469,63.200000762939453
890.63441461584091,67.800003051757813
890.76310594243432,69.199996948242188
890.89179635062487,73.199996948242188
891.020485839782,73
891.14917440927616,69.800003051757813
891.27786205847644,76.800003051757813
891.40654878675286,66.800003051757813
891.53523459347537,71.5999984741211
891.66391947801355,66.4000015258789
891.79260343973726,61.599998474121094
891.92128647801633,74.5999984741211
892.04996859222081,58.400001525878906
892.17864978171986,62.599998474121094
892.3073300458841,69.4000015258789
892.43600938408292,70.199996948242188
892.56468779568615,60.200000762939453
892.69336528006374,76.199996948242188
892.82204183658564,65.800003051757813
892.95071746462156,69.800003051757813
893.07939216354123,61.599998474121094
893.20806593271482,63.799999237060547
893.33673877151227,60.599998474121094
893.4654106793032,63.799999237060547
893.59408165545744,69.199996948242188
893.72275169934517,63
893.85142081033621,56.400001525878906
893.98008898780051,62.599998474121094
894.10875623110758,70.199996948242188
894.23742253962791,69.199996948242188
894.36608791273113,59
894.49475234978729,73.199996948242188
894.62341585016634,72.4000015258789
894.75207841323811,61.200000762939453
894.88074003837255,62.599998474121094
895.00940072494006,52.599998474121094
895.13806047231014,72.800003051757813
895.26671927985274,61
895.39537714693813,63.400001525878906
895.52403407293593,60.599998474121094
895.65269005721689,62.599998474121094
895.78134509915,60.400001525878906
895.90999919810611,57.200000762939453
896.038652353455,57.799999237060547
896.16730456456628,65.800003051757813
896.29595583081061,52.599998474121094
896.42460615155767,71
896.5532555261774,54.799999237060547
896.68190395404008,57.599998474121094
896.810551434516,58.799999237060547
896.93919796697469,52.599998474121094
897.06784355078662,46.200000762939453
897.19648818532175,49.200000762939453
897.32513186995016,56.599998474121094
897.453774604042,62.400001525878906
897.58241638696745,44.400001525878906
897.71105721809613,50
897.83969709679889,51.599998474121094
897.96833602244533,48.799999237060547
898.09697399440586,62.400001525878906
898.22561101205054,57.400001525878906
898.35424707474931,52.200000762939453
898.48288218187247,45.200000762939453
898.6115163327903,58.400001525878906
898.7401495268731,50.799999237060547
898.86878176349069,54.200000762939453
898.99741304201336,54
899.12604336181107,51.599998474121094
899.25467272225467,58.799999237060547
899.38330112271387,44.599998474121094
899.511928562559,61
899.64055504116016,58.799999237060547
899.76918055788769,58.200000762939453
899.89780511211188,49.599998474121094
900.0264287032029,55.599998474121094
